Open,High,Low,Close,Adj Close,Volume,Delta,to_predict
46311.74609375,47827.3125,46288.484375,47686.8125,47686.8125,24582667004,1375.06640625,1
47680.92578125,47881.40625,46856.9375,47345.21875,47345.21875,27951569547,-335.70703125,0
47343.54296875,47510.7265625,45835.96484375,46458.1171875,46458.1171875,33071628362,-885.42578125,0
46458.8515625,47406.546875,45752.46484375,45897.57421875,45897.57421875,42494677905,-561.27734375,0
45899.359375,46929.046875,42798.22265625,43569.00390625,43569.00390625,36851084859,-2330.35546875,0
43565.51171875,43748.71875,42645.5390625,43160.9296875,43160.9296875,30208048289,-404.58203125,0
43153.5703125,43153.5703125,41077.4453125,41557.90234375,41557.90234375,84196607520,-1595.66796875,0
41561.46484375,42228.94140625,40672.27734375,41733.94140625,41733.94140625,28066355845,172.4765625,1
41734.7265625,42663.94921875,41338.16015625,41911.6015625,41911.6015625,21294384372,176.875,1
41910.23046875,42199.484375,39796.5703125,41821.26171875,41821.26171875,32104232331,-88.96875,0
41819.5078125,43001.15625,41407.75390625,42735.85546875,42735.85546875,26327648900,916.34765625,1
42742.1796875,44135.3671875,42528.98828125,43949.1015625,43949.1015625,33499938689,1206.921875,1
43946.7421875,44278.421875,42447.04296875,42591.5703125,42591.5703125,47691135082,-1355.171875,0
42598.87109375,43346.6875,41982.6171875,43099.69921875,43099.69921875,23577403399,500.828125,1
43101.8984375,43724.671875,42669.03515625,43177.3984375,43177.3984375,18371348298,75.5,1
43172.0390625,43436.80859375,42691.0234375,43113.87890625,43113.87890625,17902097845,-58.16015625,0
43118.12109375,43179.390625,41680.3203125,42250.55078125,42250.55078125,21690904261,-867.5703125,0
42250.07421875,42534.40234375,41392.21484375,42375.6328125,42375.6328125,22417209227,125.55859375,1
42374.0390625,42478.3046875,41242.9140625,41744.328125,41744.328125,23091543258,-629.7109375,0
41744.02734375,43413.0234375,40672.82421875,40680.41796875,40680.41796875,20382033940,-1063.609375,0
40699.60546875,41060.52734375,35791.42578125,36457.31640625,36457.31640625,43011992031,-4242.2890625,0
36471.58984375,36688.8125,34349.25,35030.25,35030.25,39714385405,-1441.33984375,0
35047.359375,36433.3125,34784.96875,36276.8046875,36276.8046875,26017975951,1229.4453125,1
36275.734375,37247.51953125,33184.05859375,36654.328125,36654.328125,41856658597,378.59375,1
36654.8046875,37444.5703125,35779.4296875,36954.00390625,36954.00390625,26428189594,299.19921875,1
36950.515625,38825.41015625,36374.90625,36852.12109375,36852.12109375,31324598034,-98.39453125,0
36841.87890625,37148.32421875,35629.28125,37138.234375,37138.234375,25041426629,296.35546875,1
37128.4453125,37952.87890625,36211.109375,37784.33203125,37784.33203125,22238830523,655.88671875,1
37780.71484375,38576.26171875,37406.47265625,38138.1796875,38138.1796875,17194183075,357.46484375,1
38151.91796875,38266.33984375,37437.7109375,37917.6015625,37917.6015625,14643548444,-234.31640625,0
37920.28125,38647.26171875,36733.57421875,38483.125,38483.125,20734730465,562.84375,1
38481.765625,39115.1328125,38113.6640625,38743.2734375,38743.2734375,20288500328,261.5078125,1
38743.71484375,38834.6171875,36832.73046875,36952.984375,36952.984375,19155189416,-1790.73046875,0
36944.8046875,37154.6015625,36375.5390625,37154.6015625,37154.6015625,18591534769,209.796875,1
37149.265625,41527.78515625,37093.62890625,41500.875,41500.875,29412210792,4351.609375,1
41501.48046875,41847.1640625,41038.09765625,41441.1640625,41441.1640625,19652846215,-60.31640625,0
41441.12109375,42500.78515625,41244.90625,42412.43359375,42412.43359375,16142097334,971.3125,1
42406.78125,44401.86328125,41748.15625,43840.28515625,43840.28515625,28641855926,1433.50390625,1
43854.65234375,45293.8671875,42807.8359375,44118.4453125,44118.4453125,33079398868,263.79296875,1
44096.703125,44727.80078125,43232.96875,44338.796875,44338.796875,23245887300,242.09375,1
44347.80078125,45661.171875,43402.80859375,43565.11328125,43565.11328125,32142048537,-782.6875,0
43571.12890625,43810.83203125,42114.5390625,42407.9375,42407.9375,26954925781,-1163.19140625,0
42412.30078125,42992.55078125,41852.57421875,42244.46875,42244.46875,18152390304,-167.83203125,0
42236.56640625,42693.0546875,41950.94140625,42197.515625,42197.515625,14741589015,-39.05078125,0
42157.3984375,42775.77734375,41681.95703125,42586.91796875,42586.91796875,20827783012,429.51953125,1
42586.46484375,44667.21875,42491.03515625,44575.203125,44575.203125,22721659051,1988.73828125,1
44578.27734375,44578.27734375,43456.69140625,43961.859375,43961.859375,19792547657,-616.41796875,0
43937.0703125,44132.97265625,40249.37109375,40538.01171875,40538.01171875,26246662813,-3399.05859375,0
40552.1328125,40929.15234375,39637.6171875,40030.9765625,40030.9765625,23310007704,-521.15625,0
40026.0234375,40418.87890625,39713.05859375,40122.15625,40122.15625,13736557863,96.1328125,1
40118.1015625,40119.890625,38112.8125,38431.37890625,38431.37890625,18340576452,-1686.72265625,0
38423.2109375,39394.4375,36950.4765625,37075.28125,37075.28125,29280402798,-1347.9296875,0
37068.76953125,38359.85546875,36488.93359375,38286.02734375,38286.02734375,25493150450,1217.2578125,1
38285.28125,39122.39453125,37201.81640625,37296.5703125,37296.5703125,21849073843,-988.7109375,0
37278.56640625,38968.83984375,34459.21875,38332.609375,38332.609375,46383802093,1054.04296875,1
38333.74609375,39630.32421875,38111.34375,39214.21875,39214.21875,26545599159,880.47265625,1
39213.08203125,40005.34765625,38702.53515625,39105.1484375,39105.1484375,17467554129,-107.93359375,0
39098.69921875,39778.94140625,37268.9765625,37709.78515625,37709.78515625,23450127612,-1388.9140625,0
37706,43760.45703125,37518.21484375,43193.234375,43193.234375,35690014104,5487.234375,1
43194.50390625,44793.6015625,42952.5859375,44354.63671875,44354.63671875,32479047645,1160.1328125,1
44357.6171875,45077.578125,43432.8515625,43924.1171875,43924.1171875,29183112630,-433.5,0
43925.1953125,44021.578125,41914.75,42451.7890625,42451.7890625,24967782593,-1473.40625,0
42458.140625,42479.61328125,38805.84765625,39137.60546875,39137.60546875,28516271427,-3320.53515625,0
39148.44921875,39566.3359375,38777.03515625,39400.5859375,39400.5859375,16975917450,252.13671875,1
39404.19921875,39640.17578125,38211.6484375,38419.984375,38419.984375,19745229902,-984.21484375,0
38429.3046875,39430.2265625,37260.203125,38062.0390625,38062.0390625,28546143503,-367.265625,0
38059.90234375,39304.44140625,37957.38671875,38737.26953125,38737.26953125,25776583476,677.3671875,1
38742.81640625,42465.671875,38706.09375,41982.92578125,41982.92578125,32284121034,3240.109375,1
41974.0703125,42004.7265625,38832.94140625,39437.4609375,39437.4609375,31078064711,-2536.609375,0
39439.96875,40081.6796875,38347.43359375,38794.97265625,38794.97265625,26364890465,-644.99609375,0
38794.46484375,39308.59765625,38772.53515625,38904.01171875,38904.01171875,14616450657,109.546875,1
38884.7265625,39209.3515625,37728.14453125,37849.6640625,37849.6640625,17300745310,-1035.0625,0
37846.31640625,39742.5,37680.734375,39666.75390625,39666.75390625,24322159070,1820.4375,1
39664.25,39794.62890625,38310.2109375,39338.78515625,39338.78515625,23934000868,-325.46484375,0
39335.5703125,41465.453125,39022.34765625,41143.9296875,41143.9296875,39616916192,1808.359375,1
41140.84375,41287.53515625,40662.87109375,40951.37890625,40951.37890625,22009601093,-189.46484375,0
40944.83984375,42195.74609375,40302.3984375,41801.15625,41801.15625,34421564942,856.31640625,1
41794.6484375,42316.5546875,41602.66796875,42190.65234375,42190.65234375,19664853187,396.00390625,1
42191.40625,42241.1640625,41004.7578125,41247.82421875,41247.82421875,20127946682,-943.58203125,0
41246.1328125,41454.41015625,40668.04296875,41077.99609375,41077.99609375,24615543271,-168.13671875,0
41074.10546875,43124.70703125,40948.28125,42358.80859375,42358.80859375,32004652376,1284.703125,1
42364.37890625,42893.5078125,41877.5078125,42892.95703125,42892.95703125,25242943069,528.578125,1
42886.65234375,44131.85546875,42726.1640625,43960.93359375,43960.93359375,31042992291,1074.28125,1
43964.546875,44999.4921875,43706.28515625,44348.73046875,44348.73046875,30574413034,384.18359375,1
44349.859375,44735.99609375,44166.2734375,44500.828125,44500.828125,16950455995,150.96875,1
44505.35546875,46827.546875,44437.29296875,46820.4921875,46820.4921875,28160889722,2315.13671875,1
46821.8515625,48086.8359375,46690.203125,47128.00390625,47128.00390625,36362175703,306.15234375,1
47100.4375,48022.2890625,47100.4375,47465.73046875,47465.73046875,31397059069,365.29296875,1
47456.8984375,47655.1484375,46746.2109375,47062.6640625,47062.6640625,29333883962,-394.234375,0
47062.1484375,47512.02734375,45390.5390625,45538.67578125,45538.67578125,33327427106,-1523.47265625,0
45554.1640625,46616.2421875,44403.140625,46281.64453125,46281.64453125,38162644287,727.48046875,1
46285.5,47028.28125,45782.51171875,45868.94921875,45868.94921875,29336594194,-416.55078125,0
45859.12890625,47313.4765625,45634.10546875,46453.56640625,46453.56640625,25414397610,594.4375,1
46445.2734375,46791.08984375,45235.81640625,46622.67578125,46622.67578125,32499785455,177.40234375,1
46624.5078125,47106.140625,45544.80859375,45555.9921875,45555.9921875,29640604055,-1068.515625,0
45544.35546875,45544.35546875,43193.953125,43206.73828125,43206.73828125,39393395788,-2337.6171875,0
43207.5,43860.69921875,42899.90625,43503.84765625,43503.84765625,26101973106,296.34765625,1
43505.13671875,43903.01953125,42183.2890625,42287.6640625,42287.6640625,27215995394,-1217.47265625,0
42282.078125,42786.81640625,42183.25390625,42782.13671875,42782.13671875,16050772496,500.05859375,1
42781.08984375,43376.37890625,42021.20703125,42207.671875,42207.671875,17654475582,-573.41796875,0
42201.0390625,42424.58984375,39373.05859375,39521.90234375,39521.90234375,33949912166,-2679.13671875,0
39533.71484375,40617.5859375,39388.328125,40127.18359375,40127.18359375,30991500854,593.46875,1
40123.5703125,41430.0546875,39712.74609375,41166.73046875,41166.73046875,27691105228,1043.16015625,1
41160.21875,41451.48046875,39695.74609375,39935.515625,39935.515625,24342001973,-1224.703125,0
39939.40234375,40617.72265625,39866.83203125,40553.46484375,40553.46484375,21756855753,614.0625,1
40552.31640625,40633.6796875,40078.42578125,40424.484375,40424.484375,16833150693,-127.83203125,0
40417.77734375,40570.7265625,39620.89453125,39716.953125,39716.953125,19087633042,-700.82421875,0
39721.203125,40986.3203125,38696.19140625,40826.21484375,40826.21484375,33705182072,1105.01171875,1
40828.17578125,41672.9609375,40618.6328125,41502.75,41502.75,25303206547,674.57421875,1
41501.74609375,42126.30078125,40961.09765625,41374.37890625,41374.37890625,27819532341,-127.3671875,0
41371.515625,42893.58203125,40063.828125,40527.36328125,40527.36328125,35372786395,-844.15234375,0
40525.86328125,40777.7578125,39315.41796875,39740.3203125,39740.3203125,28011716745,-785.54296875,0
39738.72265625,39935.859375,39352.203125,39486.73046875,39486.73046875,16138021249,-251.9921875,0
39478.375,39845.92578125,39233.5390625,39469.29296875,39469.29296875,17964398167,-9.08203125,0
39472.60546875,40491.75390625,38338.37890625,40458.30859375,40458.30859375,35445730570,985.703125,1
40448.421875,40713.890625,37884.984375,38117.4609375,38117.4609375,34569088416,-2330.9609375,0
38120.30078125,39397.91796875,37997.3125,39241.12109375,39241.12109375,30981015184,1120.8203125,1
39241.4296875,40269.46484375,38941.421875,39773.828125,39773.828125,33903704907,532.3984375,1
39768.6171875,39887.26953125,38235.53515625,38609.82421875,38609.82421875,30882994649,-1158.79296875,0
38605.859375,38771.2109375,37697.94140625,37714.875,37714.875,23895713731,-890.984375,0
37713.265625,38627.859375,37585.7890625,38469.09375,38469.09375,27002760110,755.828125,1
38472.1875,39074.97265625,38156.5625,38529.328125,38529.328125,32922642426,57.140625,1
38528.109375,38629.99609375,37585.62109375,37750.453125,37750.453125,27326943244,-777.65625,0
37748.01171875,39902.94921875,37732.05859375,39698.37109375,39698.37109375,36754404490,1950.359375,1
39695.74609375,39789.28125,35856.515625,36575.140625,36575.140625,43106256317,-3120.60546875,0
36573.18359375,36624.359375,35482.1328125,36040.921875,36040.921875,37795577489,-532.26171875,0
36042.50390625,36129.92578125,34940.82421875,35501.953125,35501.953125,24375896406,-540.55078125,0
35502.94140625,35502.94140625,33878.96484375,34059.265625,34059.265625,36763041910,-1443.67578125,0
34060.015625,34222.07421875,30296.953125,30296.953125,30296.953125,63355494961,-3763.0625,0
30273.654296875,32596.30859375,29944.802734375,31022.90625,31022.90625,59811038817,749.251953125,1
31016.18359375,32013.40234375,28170.4140625,28936.35546875,28936.35546875,70388855818,-2079.828125,0
28936.734375,30032.439453125,26350.490234375,29047.751953125,29047.751953125,66989173272,111.017578125,1
29030.91015625,30924.802734375,28782.330078125,29283.103515625,29283.103515625,42841124537,252.193359375,1
29285.642578125,30192.802734375,28702.91015625,30101.265625,30101.265625,28579868620,815.623046875,1
30098.5859375,31308.19140625,29527.740234375,31305.11328125,31305.11328125,25835372065,1206.52734375,1
31304.375,31305.341796875,29251.884765625,29862.91796875,29862.91796875,32613897286,-1441.45703125,0
29862.408203125,30694.490234375,29570.302734375,30425.857421875,30425.857421875,29101473475,563.44921875,1
30424.478515625,30618.716796875,28720.271484375,28720.271484375,28720.271484375,31285268319,-1704.20703125,0
28720.359375,30430.751953125,28708.955078125,30314.333984375,30314.333984375,33773447707,1593.974609375,1
30311.119140625,30664.9765625,28793.60546875,29200.740234375,29200.740234375,30749382605,-1110.37890625,0
29199.859375,29588.869140625,29027.39453125,29432.2265625,29432.2265625,17274840442,232.3671875,1
29432.47265625,30425.861328125,29275.18359375,30323.72265625,30323.72265625,21631532270,891.25,1
30309.396484375,30590.5859375,28975.560546875,29098.91015625,29098.91015625,31483454557,-1210.486328125,0
29101.125,29774.35546875,28786.58984375,29655.5859375,29655.5859375,26616506245,554.4609375,1
29653.134765625,30157.78515625,29384.94921875,29562.361328125,29562.361328125,27525063551,-90.7734375,0
29564.77734375,29834.16015625,28261.90625,29267.224609375,29267.224609375,36774325352,-297.552734375,0
29251.140625,29346.943359375,28326.61328125,28627.57421875,28627.57421875,36582005748,-623.56640625,0
28622.625,28814.900390625,28554.56640625,28814.900390625,28814.900390625,35519577634,192.275390625,1
29019.8671875,29498.009765625,28841.107421875,29445.95703125,29445.95703125,18093886409,426.08984375,1
29443.365234375,31949.630859375,29303.572265625,31726.390625,31726.390625,39277993274,2283.025390625,1
31723.865234375,32249.86328125,31286.154296875,31792.310546875,31792.310546875,33538210634,68.4453125,1
31792.5546875,31957.28515625,29501.587890625,29799.080078125,29799.080078125,41135817341,-1993.474609375,0
29794.890625,30604.734375,29652.705078125,30467.48828125,30467.48828125,29083562061,672.59765625,1
30467.806640625,30633.03515625,29375.689453125,29704.390625,29704.390625,26175547452,-763.416015625,0
29706.138671875,29930.564453125,29500.005859375,29832.9140625,29832.9140625,16588370958,126.775390625,1
29835.1171875,30117.744140625,29574.44921875,29906.662109375,29906.662109375,17264085441,71.544921875,1
29910.283203125,31693.291015625,29894.1875,31370.671875,31370.671875,31947336829,1460.388671875,1
31371.7421875,31489.68359375,29311.68359375,31155.478515625,31155.478515625,40770974039,-216.263671875,0
31151.48046875,31253.69140625,29944.404296875,30214.35546875,30214.35546875,30242059107,-937.125,0
30215.279296875,30609.310546875,30020.265625,30111.998046875,30111.998046875,21692004719,-103.28125,0
30110.330078125,30245.80859375,28978.146484375,29083.8046875,29083.8046875,29867476527,-1026.525390625,0
29084.666015625,29401.916015625,28236.212890625,28360.810546875,28360.810546875,27246574439,-723.85546875,0
28373.513671875,28502.685546875,26762.6484375,26762.6484375,26762.6484375,34163220274,-1610.865234375,0
26737.578125,26795.58984375,22141.2578125,22487.388671875,22487.388671875,68204556440,-4250.189453125,0
22487.986328125,23018.951171875,20950.818359375,22206.79296875,22206.79296875,50913575242,-281.193359375,0
22196.73046875,22642.671875,20178.376953125,22572.83984375,22572.83984375,54912007015,376.109375,1
22576.3046875,22868.921875,20265.2265625,20381.650390625,20381.650390625,31183975654,-2194.654296875,0
20385.71875,21243.3125,20326.51953125,20471.482421875,20471.482421875,27132421514,85.763671875,1
20473.42578125,20736.041015625,17708.623046875,19017.642578125,19017.642578125,42009436760,-1455.783203125,0
19010.90234375,20683.822265625,18067.15234375,20553.271484375,20553.271484375,35329942625,1542.369140625,1
20553.37109375,20913.322265625,19689.169921875,20599.537109375,20599.537109375,30818458597,46.166015625,1
20594.294921875,21620.62890625,20415.0625,20710.59765625,20710.59765625,28970212744,116.302734375,1
20719.4140625,20835.75,19848.078125,19987.029296875,19987.029296875,28574793478,-732.384765625,0
19986.607421875,21135.76171875,19950.1171875,21085.876953125,21085.876953125,26188097173,1099.26953125,1
21084.6484375,21472.91796875,20777.51171875,21231.65625,21231.65625,24957784918,147.0078125,1
21233.609375,21520.9140625,20964.5859375,21502.337890625,21502.337890625,18372538715,268.728515625,1
21496.494140625,21783.724609375,21016.26953125,21027.294921875,21027.294921875,18027170497,-469.19921875,0
21028.23828125,21478.08984375,20620.19921875,20735.478515625,20735.478515625,20965695707,-292.759765625,0
20731.544921875,21164.423828125,20228.8125,20280.634765625,20280.634765625,21381535161,-450.91015625,0
20281.169921875,20364.15625,19937.791015625,20104.0234375,20104.0234375,23552740328,-177.146484375,0
20108.3125,20141.16015625,18729.65625,19784.7265625,19784.7265625,26267239923,-323.5859375,0
19820.470703125,20632.671875,19073.708984375,19269.3671875,19269.3671875,30767551159,-551.103515625,0
19274.8359375,19371.748046875,19027.08203125,19242.255859375,19242.255859375,18100418740,-32.580078125,0
19242.095703125,19558.26953125,18966.951171875,19297.076171875,19297.076171875,16390821947,54.98046875,1
19297.314453125,20258.748046875,19063.06640625,20231.26171875,20231.26171875,21594638208,933.947265625,1
20225.353515625,20635.466796875,19341.232421875,20190.115234375,20190.115234375,26715546990,-35.23828125,0
20194.619140625,20595.529296875,19823.51171875,20548.24609375,20548.24609375,24598943708,353.626953125,1
20547.814453125,21771.81640625,20296.103515625,21637.587890625,21637.587890625,25814972520,1089.7734375,1
21637.154296875,22314.94140625,21257.453125,21731.1171875,21731.1171875,49899834488,93.962890625,1
21716.828125,21877.138671875,21445.95703125,21592.20703125,21592.20703125,29641127858,-124.62109375,0
21591.080078125,21591.080078125,20727.123046875,20860.44921875,20860.44921875,28688807249,-730.630859375,0
20856.353515625,20856.353515625,19924.5390625,19970.556640625,19970.556640625,24150249025,-885.796875,0
19970.474609375,20043.4453125,19308.53125,19323.9140625,19323.9140625,25810220018,-646.560546875,0
19325.97265625,20223.052734375,18999.953125,20212.07421875,20212.07421875,33042430345,886.1015625,1
20211.466796875,20789.89453125,19689.2578125,20569.919921875,20569.919921875,31158743333,358.453125,1
20573.15625,21138.244140625,20397,20836.328125,20836.328125,25905575359,263.171875,1
20834.103515625,21514.404296875,20518.8984375,21190.31640625,21190.31640625,24302954056,356.212890625,1
21195.041015625,21600.640625,20778.1796875,20779.34375,20779.34375,22927802083,-415.697265625,0
20781.912109375,22633.033203125,20781.912109375,22485.689453125,22485.689453125,39974475562,1703.77734375,1
22467.849609375,23666.962890625,21683.40625,23389.43359375,23389.43359375,48765202697,921.583984375,1
23393.19140625,24196.818359375,23009.94921875,23231.732421875,23231.732421875,42932549127,-161.458984375,0
23233.201171875,23388.322265625,22431.1484375,23164.62890625,23164.62890625,33631012204,-68.572265625,0
23163.751953125,23671.927734375,22603.416015625,22714.978515625,22714.978515625,31421555646,-448.7734375,0
22706.984375,22977.2109375,22002.91015625,22465.478515625,22465.478515625,24021799169,-241.505859375,0
22465.509765625,22974.001953125,22306.83984375,22609.1640625,22609.1640625,23565495303,143.654296875,1
22607.15625,22649.12109375,21361.642578125,21361.701171875,21361.701171875,35574561406,-1245.455078125,0
21361.12109375,21361.12109375,20776.81640625,21239.75390625,21239.75390625,28624673855,-121.3671875,0
21244.169921875,22986.529296875,21070.806640625,22930.548828125,22930.548828125,31758955233,1686.37890625,1
22933.640625,24110.470703125,22722.265625,23843.88671875,23843.88671875,40212386158,910.24609375,1
23845.212890625,24294.787109375,23481.173828125,23804.6328125,23804.6328125,35887249746,-40.580078125,0
23796.818359375,24572.580078125,23580.5078125,23656.20703125,23656.20703125,28148218301,-140.611328125,0
23652.0703125,24121.642578125,23275.703125,23336.896484375,23336.896484375,23553591896,-315.173828125,0
23336.71875,23464.787109375,22890.796875,23314.19921875,23314.19921875,25849159141,-22.51953125,0
23308.43359375,23415.041015625,22710.083984375,22978.1171875,22978.1171875,28389250717,-330.31640625,0
22981.302734375,23578.650390625,22747.8359375,22846.5078125,22846.5078125,26288169966,-134.794921875,0
22848.21484375,23198.009765625,22485.701171875,22630.95703125,22630.95703125,25120229769,-217.2578125,0
22626.833984375,23422.828125,22612.177734375,23289.314453125,23289.314453125,28881249043,662.48046875,1
23291.423828125,23326.5625,22961.279296875,22961.279296875,22961.279296875,15978259885,-330.14453125,0
22963.505859375,23359.009765625,22894.556640625,23175.890625,23175.890625,15886817043,212.384765625,1
23179.52734375,24203.689453125,23176.546875,23809.486328125,23809.486328125,28575544847,629.958984375,1
23811.484375,23898.615234375,22982,23164.318359375,23164.318359375,23555719219,-647.166015625,0
23162.8984375,24127.4140625,22771.51953125,23947.642578125,23947.642578125,32837431722,784.744140625,1
23948.345703125,24822.62890625,23900.99609375,23957.529296875,23957.529296875,37127036580,9.18359375,1
23957.203125,24412.56640625,23657.265625,24402.818359375,24402.818359375,27265804688,445.615234375,1
24402.1875,24860.05078125,24346.115234375,24424.068359375,24424.068359375,22987346289,21.880859375,1
24429.056640625,24974.9140625,24206.259765625,24319.333984375,24319.333984375,22994133555,-109.72265625,0
24318.31640625,25135.58984375,23839.775390625,24136.97265625,24136.97265625,35123501685,-181.34375,0
24126.13671875,24228.416015625,23733.5,23883.291015625,23883.291015625,27753685646,-242.845703125,0
23881.31640625,24407.05859375,23243.353515625,23335.998046875,23335.998046875,30931623076,-545.318359375,0
23341.0390625,23563.83203125,23177.6015625,23212.73828125,23212.73828125,23747613147,-128.30078125,0
23213.3125,23213.3125,20868.84765625,20877.552734375,20877.552734375,40509610260,-2335.759765625,0
20872.841796875,21350.806640625,20856.73046875,21166.060546875,21166.060546875,27595671000,293.21875,1
21160.392578125,21668.845703125,21103.197265625,21534.12109375,21534.12109375,23102307723,373.728515625,1
21531.462890625,21531.462890625,20939.18359375,21398.908203125,21398.908203125,31666498758,-132.5546875,0
21401.044921875,21646.203125,20955.138671875,21528.087890625,21528.087890625,31878280659,127.04296875,1
21526.455078125,21783.076171875,21195.005859375,21395.01953125,21395.01953125,31962253368,-131.435546875,0
21395.458984375,21789.63671875,21362.44140625,21600.904296875,21600.904296875,31028679593,205.4453125,1
21596.0859375,21804.908203125,20199.482421875,20260.01953125,20260.01953125,42326789564,-1336.06640625,0
20262.48046875,20340.775390625,19890.5234375,20041.73828125,20041.73828125,30116729776,-220.7421875,0
20041.03515625,20139.0546875,19616.814453125,19616.814453125,19616.814453125,24366810591,-424.220703125,0
19615.154296875,20357.462890625,19600.78515625,20297.994140625,20297.994140625,32637854078,682.83984375,1
20298.611328125,20542.64453125,19617.640625,19796.80859375,19796.80859375,34483360283,-501.802734375,0
19799.58203125,20420.990234375,19799.58203125,20049.763671875,20049.763671875,33225232872,250.181640625,1
20050.498046875,20198.390625,19653.96875,20127.140625,20127.140625,30182031010,76.642578125,1
20126.072265625,20401.568359375,19814.765625,19969.771484375,19969.771484375,29123998928,-156.30078125,0
19969.71875,20037.009765625,19698.35546875,19832.087890625,19832.087890625,23613051457,-137.630859375,0
19832.470703125,19999.689453125,19636.81640625,19986.712890625,19986.712890625,25245861652,154.2421875,1
19988.7890625,20031.16015625,19673.046875,19812.37109375,19812.37109375,28813460025,-176.41796875,0
19817.724609375,20155.26953125,18800.171875,18837.66796875,18837.66796875,43403978910,-980.056640625,0
18837.68359375,19427.171875,18644.466796875,19290.32421875,19290.32421875,35239757134,452.640625,1
19289.94140625,19417.3515625,19076.71484375,19329.833984375,19329.833984375,32194477850,39.892578125,1
19328.140625,21439.41015625,19310.962890625,21381.15234375,21381.15234375,48469528171,2053.01171875,1
21376.912109375,21760.275390625,21168.72265625,21680.5390625,21680.5390625,36913738894,303.626953125,1
21678.54296875,21770.552734375,21406.9453125,21769.255859375,21769.255859375,34493951963,90.712890625,1
21770.1484375,22439.181640625,21603.896484375,22370.44921875,22370.44921875,50212088965,600.30078125,1
22371.48046875,22673.8203125,20062.669921875,20296.70703125,20296.70703125,51091116622,-2074.7734375,0
20184.5546875,20467.201171875,19793.396484375,20241.08984375,20241.08984375,37872380889,56.53515625,1
20242.2890625,20318.166015625,19636.734375,19701.2109375,19701.2109375,36389011503,-541.078125,0
19704.005859375,19870.62890625,19400.076171875,19772.583984375,19772.583984375,30123362273,68.578125,1
19777.033203125,20162.53125,19777.033203125,20127.576171875,20127.576171875,24957448100,350.54296875,1
20127.234375,20127.234375,19387.4921875,19419.505859375,19419.505859375,31254779144,-707.728515625,0
19418.572265625,19639.48046875,18390.318359375,19544.12890625,19544.12890625,40177002624,125.556640625,1
19545.591796875,19602.45703125,18813.455078125,18890.7890625,18890.7890625,36791346508,-654.802734375,0
18891.283203125,19674.630859375,18290.314453125,18547.400390625,18547.400390625,46363793975,-343.8828125,0
18534.650390625,19456.91015625,18415.591796875,19413.55078125,19413.55078125,41135767926,878.900390625,1
19412.400390625,19464.671875,18617.552734375,19297.638671875,19297.638671875,38896078052,-114.76171875,0
19296.990234375,19310.197265625,18861.974609375,18937.01171875,18937.01171875,26149643168,-359.978515625,0
18936.310546875,19134.732421875,18696.46875,18802.09765625,18802.09765625,23359966112,-134.212890625,0
18803.900390625,19274.873046875,18721.28515625,19222.671875,19222.671875,44148798321,418.771484375,1
19221.83984375,20338.455078125,18915.66796875,19110.546875,19110.546875,58571439619,-111.29296875,0
19104.62109375,19688.34375,18553.296875,19426.720703125,19426.720703125,53071298734,322.099609375,1
19427.779296875,19589.265625,18924.353515625,19573.05078125,19573.05078125,41037843771,145.271484375,1
19573.431640625,20109.849609375,19265.662109375,19431.7890625,19431.7890625,43975248085,-141.642578125,0
19431.10546875,19471.154296875,19231.08203125,19312.095703125,19312.095703125,18719537670,-119.009765625,0
19311.849609375,19370.30859375,18970.62109375,19044.107421875,19044.107421875,20765955327,-267.7421875,0
19044.068359375,19653.54296875,19025.2265625,19623.580078125,19623.580078125,30484729489,579.51171875,1
19623.583984375,20380.34375,19523.83984375,20336.84375,20336.84375,35887278685,713.259765625,1
20335.900390625,20343.748046875,19801.80078125,20160.716796875,20160.716796875,33223790572,-175.18359375,0
20161.0390625,20408.392578125,19900.087890625,19955.443359375,19955.443359375,34711412966,-205.595703125,0
19957.55859375,20041.0859375,19395.79296875,19546.849609375,19546.849609375,29227315390,-410.708984375,0
19546.328125,19601.6953125,19299.4140625,19416.568359375,19416.568359375,16437423167,-129.759765625,0
19417.478515625,19542.5390625,19349.259765625,19446.42578125,19446.42578125,16837262532,28.947265625,1
19446.416015625,19515.466796875,19102.978515625,19141.484375,19141.484375,27425022774,-304.931640625,0
19139,19241.9609375,18925.603515625,19051.41796875,19051.41796875,28711532910,-87.58203125,0
19052.646484375,19203.19921875,19029.7578125,19157.4453125,19157.4453125,24950173846,104.798828125,1
19156.966796875,19453.328125,18319.822265625,19382.904296875,19382.904296875,44219840004,225.9375,1
19382.533203125,19889.146484375,19115.408203125,19185.65625,19185.65625,38452356727,-196.876953125,0
19185.4375,19212.541015625,19019.25,19067.634765625,19067.634765625,16192235532,-117.802734375,0
19068.9140625,19389.603515625,19068.9140625,19268.09375,19268.09375,17988916650,199.1796875,1
19268.5625,19635.802734375,19173.333984375,19550.7578125,19550.7578125,27472552998,282.1953125,1
19550.466796875,19666.994140625,19144.76953125,19334.416015625,19334.416015625,30580012344,-216.05078125,0
19335.02734375,19348.416015625,19127.6875,19139.53515625,19139.53515625,22425387184,-195.4921875,0
19138.0859375,19315.19921875,18971.458984375,19053.740234375,19053.740234375,24493974420,-84.345703125,0
19053.203125,19237.384765625,18770.970703125,19172.46875,19172.46875,32459287866,119.265625,1
19172.380859375,19248.068359375,19132.244140625,19208.189453125,19208.189453125,16104440957,35.80859375,1
19207.734375,19646.65234375,19124.197265625,19567.0078125,19567.0078125,22128794335,359.2734375,1
19567.76953125,19589.125,19206.32421875,19345.572265625,19345.572265625,30202235805,-222.197265625,0
19344.96484375,20348.412109375,19261.447265625,20095.857421875,20095.857421875,47761524910,750.892578125,1
20092.236328125,20938.134765625,20076.1171875,20770.44140625,20770.44140625,58895950537,678.205078125,1
20772.802734375,20854.044921875,20255.373046875,20285.8359375,20285.8359375,49625110402,-486.966796875,0
20287.95703125,20724.98046875,20086.068359375,20595.3515625,20595.3515625,43994715910,307.39453125,1
20595.103515625,20988.39453125,20566.484375,20818.4765625,20818.4765625,40369840645,223.373046875,1
20817.982421875,20917.005859375,20547.462890625,20635.603515625,20635.603515625,31486345556,-182.37890625,0
20633.6953125,20795.3203125,20287.458984375,20495.7734375,20495.7734375,45668466815,-137.921875,0
20494.8984375,20647.2890625,20359.845703125,20485.2734375,20485.2734375,39819303159,-9.625,0
20482.958984375,20742.810546875,20087.134765625,20159.50390625,20159.50390625,55552169483,-323.455078125,0
20162.689453125,20382.095703125,20086.240234375,20209.98828125,20209.98828125,43228750179,47.298828125,1
20208.76953125,21209.560546875,20188.01953125,21147.23046875,21147.23046875,64072727950,938.4609375,1
21144.83203125,21446.88671875,21097.634765625,21282.69140625,21282.69140625,37846047609,137.859375,1
21285.056640625,21345.376953125,20920.19140625,20926.486328125,20926.486328125,35082693210,-358.5703125,0
20924.62109375,21053.24609375,20489.97265625,20602.81640625,20602.81640625,53510852236,-321.8046875,0
20600.671875,20664.607421875,17603.544921875,18541.271484375,18541.271484375,118992465607,-2059.400390625,0
18543.76171875,18590.458984375,15682.6923828125,15880.7802734375,15880.7802734375,102905151606,-2662.9814453125,0
15883.158203125,18054.3125,15834.0185546875,17586.771484375,17586.771484375,83202283721,1703.61328125,1
17583.251953125,17650.943359375,16543.482421875,17034.29296875,17034.29296875,55871616488,-548.958984375,0
17036.875,17066.67578125,16651.775390625,16799.185546875,16799.185546875,29717699419,-237.689453125,0
16799.72265625,16920.765625,16320.634765625,16353.365234375,16353.365234375,27209183682,-446.357421875,0
16352.0283203125,17109.32421875,15872.94140625,16618.19921875,16618.19921875,49630243054,266.1708984375,1
16617.484375,17051.962890625,16542.55078125,16884.61328125,16884.61328125,36599436183,267.12890625,1
16884.341796875,16960.294921875,16430.111328125,16669.439453125,16669.439453125,33925512989,-214.90234375,0
16670.42578125,16726.439453125,16460.68359375,16687.517578125,16687.517578125,27868914022,17.091796875,1
16687.912109375,16947.05859375,16564.611328125,16697.77734375,16697.77734375,26862218609,9.865234375,1
16696.220703125,16797.876953125,16570.41015625,16711.546875,16711.546875,16106223492,15.326171875,1
16712.919921875,16746.779296875,16248.6923828125,16291.83203125,16291.83203125,21313378652,-421.087890625,0
16291.2236328125,16291.2236328125,15599.046875,15787.2841796875,15787.2841796875,37429485518,-503.939453125,0
15782.30078125,16253.0478515625,15656.6064453125,16189.76953125,16189.76953125,30726828760,407.46875,1
16195.5888671875,16638.193359375,16170.5029296875,16610.70703125,16610.70703125,32958875628,415.1181640625,1
16611.63671875,16771.474609375,16501.767578125,16604.46484375,16604.46484375,26129037414,-7.171875,0
16602.26953125,16603.31640625,16388.404296875,16521.841796875,16521.841796875,18678255976,-80.427734375,0
16521.576171875,16666.86328125,16416.228515625,16464.28125,16464.28125,18000008764,-57.294921875,0
16463.8828125,16594.40625,16437.025390625,16444.626953125,16444.626953125,20443898509,-19.255859375,0
16440.22265625,16482.93359375,16054.5302734375,16217.322265625,16217.322265625,27743025156,-222.900390625,0
16217.6396484375,16522.2578125,16139.396484375,16444.982421875,16444.982421875,23581685468,227.3427734375,1
16445.4765625,17190.9375,16445.4765625,17168.56640625,17168.56640625,29523576583,723.08984375,1
17168.001953125,17197.498046875,16888.388671875,16967.1328125,16967.1328125,22895392882,-200.869140625,0
16968.68359375,17088.66015625,16877.880859375,17088.66015625,17088.66015625,19539705127,119.9765625,1
17090.09765625,17116.041015625,16888.140625,16908.236328125,16908.236328125,16217776704,-181.861328125,0
16908.169921875,17157.767578125,16903.439453125,17130.486328125,17130.486328125,16824520830,222.31640625,1
17128.89453125,17378.15234375,16922.431640625,16974.826171875,16974.826171875,22209086834,-154.068359375,0
16975.23828125,17091.86328125,16939.921875,17089.50390625,17089.50390625,19889922369,114.265625,1
17089.505859375,17109.376953125,16750.55859375,16848.126953125,16848.126953125,19675404389,-241.37890625,0
16847.349609375,17267.916015625,16788.783203125,17233.474609375,17233.474609375,20496603770,386.125,1
17232.1484375,17280.546875,17100.8359375,17133.15234375,17133.15234375,20328426366,-98.99609375,0
17134.220703125,17216.826171875,17120.68359375,17128.724609375,17128.724609375,12706781969,-5.49609375,0
17129.7109375,17245.634765625,17091.8203125,17104.193359375,17104.193359375,14122486832,-25.517578125,0
17102.5,17212.564453125,16899.39453125,17206.4375,17206.4375,19617581341,103.9375,1
17206.44140625,17930.0859375,17111.763671875,17781.318359375,17781.318359375,26634741631,574.876953125,1
17782.06640625,18318.53125,17739.513671875,17815.650390625,17815.650390625,25534481470,33.583984375,1
17813.64453125,17846.744140625,17322.58984375,17364.865234375,17364.865234375,20964448341,-448.779296875,0
17364.546875,17505.525390625,16584.701171875,16647.484375,16647.484375,24031608960,-717.0625,0
16646.982421875,16800.58984375,16614.029296875,16795.091796875,16795.091796875,14463581825,148.109375,1
16795.609375,16815.38671875,16697.8203125,16757.9765625,16757.9765625,10924354698,-37.6328125,0
16759.041015625,16807.52734375,16398.13671875,16439.6796875,16439.6796875,17221074814,-319.361328125,0
16441.787109375,17012.984375,16427.8671875,16906.3046875,16906.3046875,22722096615,464.517578125,1
16904.52734375,16916.80078125,16755.912109375,16817.53515625,16817.53515625,14882945045,-86.9921875,0
16818.380859375,16866.673828125,16592.408203125,16830.341796875,16830.341796875,16441573050,11.9609375,1
16829.64453125,16905.21875,16794.458984375,16796.953125,16796.953125,15329265213,-32.69140625,0
16796.9765625,16864.703125,16793.52734375,16847.755859375,16847.755859375,9744636213,50.779296875,1
16847.505859375,16860.5546875,16755.25390625,16841.986328125,16841.986328125,11656379938,-5.51953125,0
16842.25,16920.123046875,16812.369140625,16919.8046875,16919.8046875,11886957804,77.5546875,1
16919.291015625,16959.845703125,16642.072265625,16717.173828125,16717.173828125,15748580239,-202.1171875,0
16716.400390625,16768.169921875,16497.556640625,16552.572265625,16552.572265625,17005713920,-163.828125,0
16552.322265625,16651.755859375,16508.68359375,16642.341796875,16642.341796875,14472237479,90.01953125,1
16641.330078125,16643.427734375,16408.474609375,16602.5859375,16602.5859375,15929162910,-38.744140625,0
